{
  "apkFileName": "RU-A13_DeskClock_src.apk",
  "PackageInfo": {
    "forcedPackageId": "127",
    "renameManifestPackage": null
  },
  "doNotCompress": ["resources.arsc"],
  "compressionType": false,
  "sparseResources": true,
  "version": "2.4.0-251127",
  "sharedLibrary": false,
  "VersionInfo": {
    "versionName": "13",
    "versionCode": "34"
  },
  "UsesFramework": {
    "ids": [1],
    "tag": null
  },
  "unknownFiles": {},
  "apkFilePath": "/storage/emulated/0/Download/Nekogram/RU-A13_DeskClock.apk",
  "compactEntries": false,
  "isFrameworkApk": false,
  "sdkInfo": {
    "minSdkVersion": "33",
    "targetSdkVersion": "34"
  }
}